Employee_ID,Branch_ID,Name
E_001,B_15,Matthew Noble
E_002,B_5,Jesse Townsend
E_003,B_1,Melissa Jenkins
E_004,B_11,Patricia Rodriguez
E_005,B_2,Rhonda Johnson
E_006,B_1,David Ramirez
E_007,B_11,Jason Thomas
E_008,B_13,Savannah Mcgee
E_009,B_12,Curtis Sanchez
E_010,B_12,Christopher Atkins
E_011,B_7,Brian Thomas
E_012,B_10,Daniel Davis
E_013,B_10,David Alvarez
E_014,B_5,Amanda Pearson
E_015,B_7,Alexander Johnson
E_016,B_12,Tiffany Clark
E_017,B_3,Melissa Strickland
E_018,B_3,Kayla Padilla
E_019,B_15,Kristi Torres
E_020,B_1,Jennifer Henderson
E_021,B_6,Lauren Watson
E_022,B_7,Caleb Becker
E_023,B_11,Jerry Green
E_024,B_5,Marissa Smith
E_025,B_12,Benjamin Edwards
E_026,B_13,Crystal Cox
E_027,B_3,Patricia Williams
E_028,B_3,Brenda Fox
E_029,B_13,Alyssa Andersen
E_030,B_14,Abigail Wagner
E_031,B_5,Stephanie Valentine
E_032,B_11,Richard Hunter
E_033,B_6,Mark Sampson
E_034,B_3,Emily Mcbride
E_035,B_15,Krista Young
E_036,B_12,Brittany Pitts
E_037,B_15,Paige Kramer
E_038,B_9,Todd Brooks
E_039,B_4,Jessica Horne
E_040,B_11,Billy Patterson
E_041,B_13,Michael Johnson
E_042,B_1,Sean Roberts
E_043,B_10,Susan Miller
E_044,B_3,Christina Rhodes
E_045,B_13,James Stanley
E_046,B_8,Andrew Holt
E_047,B_6,Deanna Morales
E_048,B_7,Lauren Wilson
E_049,B_2,Justin Lopez
E_050,B_7,Michael Young PhD
E_051,B_8,Kelsey Day
E_052,B_14,Ms. Emily Crane
E_053,B_8,James Schmitt
E_054,B_6,Matthew Brady
E_055,B_4,Jeffrey Moore
E_056,B_7,Richard Cook
E_057,B_12,Alicia Arroyo
E_058,B_7,Joshua Reed
E_059,B_11,Leah Martin
E_060,B_1,Andrea Weaver
E_061,B_5,James Wright
E_062,B_11,Sherry Mcpherson
E_063,B_3,Tyler Maddox
E_064,B_15,William Haas
E_065,B_6,Jacob Ramos
E_066,B_8,Raymond Dominguez
E_067,B_7,Karen Mendoza
E_068,B_13,Laura Davis
E_069,B_14,Kimberly Moss
E_070,B_15,Carl Nguyen
E_071,B_10,Patricia Johnson
E_072,B_9,Kristie Herman
E_073,B_12,Chelsea Guzman
E_074,B_3,Jim Colon
E_075,B_3,Anna Reid
E_076,B_6,Diana Gilmore
E_077,B_1,Melody Ross
E_078,B_8,Daniel Carlson
E_079,B_10,Lauren Kramer
E_080,B_4,Mario Green
E_081,B_13,Courtney Blake
E_082,B_9,Jack Anderson
E_083,B_8,Micheal Vincent
E_084,B_11,Samantha Riddle
E_085,B_4,Diana Smith
E_086,B_9,Jamie Evans PhD
E_087,B_9,Joshua Smith
E_088,B_15,April Mullins
E_089,B_10,Amanda Brown
E_090,B_8,William Perkins
E_091,B_15,Bonnie Lee
E_092,B_15,Jessica Grimes
E_093,B_8,Melody Dunn
E_094,B_4,Christopher Davis
E_095,B_14,Kim Maxwell
E_096,B_3,Amanda Schneider DVM
E_097,B_7,Meagan Lara
E_098,B_2,Rebecca Beck
E_099,B_11,Daniel Woodard
E_100,B_1,Adam Harris
E_101,B_1,Collin Richardson
E_102,B_14,Cody King
E_103,B_4,Michael White
E_104,B_10,Lucas Blake
E_105,B_11,Rebecca James
E_106,B_8,Alexander Brown
E_107,B_5,Gabrielle Thompson
E_108,B_5,Michael Butler
E_109,B_10,Tammy Holden
E_110,B_13,Robert Cruz
E_111,B_13,Jeffrey Larson
E_112,B_9,Mrs. Jamie Oliver
E_113,B_15,Kenneth Green
E_114,B_15,James Chavez
E_115,B_1,Marcus Hess
E_116,B_5,David Hampton
E_117,B_2,Sean Jones
E_118,B_9,Emily Bauer
E_119,B_14,Dr. Kevin Jacobs
E_120,B_11,Natasha Davis
E_121,B_5,Ross King
E_122,B_1,Michelle Riley
E_123,B_1,Reginald Sampson
E_124,B_10,Ashley Beck
E_125,B_10,Jacob Goodwin
E_126,B_11,John Navarro
E_127,B_4,Walter White
E_128,B_8,Lauren Roberts
E_129,B_1,Lindsay Daniels
E_130,B_7,Alexis Griffin
E_131,B_12,Mikayla Davis
E_132,B_10,Andrew Hernandez
E_133,B_1,Maria Gibbs
E_134,B_3,Allen Montgomery
E_135,B_8,Anthony Hill
E_136,B_12,Tabitha Chapman DDS
E_137,B_6,Angel Dixon
E_138,B_8,Matthew Harvey
E_139,B_1,Joyce Edwards
E_140,B_6,William Adkins
E_141,B_12,David Mann
E_142,B_14,Kim Hatfield
E_143,B_2,Michelle Perry
E_144,B_3,Gene Oliver
E_145,B_10,Frank Mendoza
E_146,B_7,Jacob Webster
E_147,B_1,Kathryn Vasquez
E_148,B_9,Wesley Clark
E_149,B_13,Rebecca Williams
E_150,B_12,Jonathan Morris
